Time,Premium(%),Upbit,Binance($),Rate
23:59,1.99,99393000.0,67724.38,1439.045188
00:00,2.04,99600000.0,67825.87,1439.045188
